Workbook

Sheet 19 bags
A1: Fertilizer bag labels: what counts toward VCE's lawn nitrogen programs
A2: 19 retail bags: 15 photographed Sept 23, 2026 (brands withheld) and 4 added from a local distributor's in-stock listing (no photo ID). Blue = read off the bag; black = formulas.
A4: Program 2 starts at (slow share of total N) | H4: 0.15 | I4: VCE CSES-135P: 15–49% = Program 2
A5: Program 3 starts at (slow share of total N) | H5: 0.5 | I5: VCE CSES-135P: 50% or more = Program 3
A7: Photo ID | B7: Grade (N-P-K) | C7: Total N (% of bag) | D7: Word used in footnote | E7: What the slow-release N comes from | F7: Footnote figure (% of bag; for methylene urea = slowly available N) | G7: 'Water Insoluble N' line (% of bag) | H7: Counts under VCE rule (% of bag; methylene urea = WIN + slowly available) | I7: Slow share of total N (VCE rule) | J7: Program (VCE rule) | K7: Program if the footnote word alone were trusted | L7: Note
A8: IMG_8558 | B8: 12-18-8 | C8: 12 | D8: Controlled release | E8: Polymer-coated urea | F8: 3 | H8: =IF(E8="Polymer-coated urea",N(F8),IF(E8="Methylene urea",N(F8)+N(G8),0)) -> 3 | I8: =H8/C8 -> 0.25 | J8: =IF(I8>=$H$5,3,IF(I8>=$H$4,2,1)) -> 2 | K8: =IF(OR(D8="Controlled release",D8="Slowly available",D8="Slow release"),IF(N(F8)/C8>=$H$5,3,IF(N(F8)/C8>=$H$4,2,1)),1) -> 2
A9: IMG_8559 | B9: 18-8-12 | C9: 18 | D9: None | E9: None | H9: =IF(E9="Polymer-coated urea",N(F9),IF(E9="Methylene urea",N(F9)+N(G9),0)) -> 0 | I9: =H9/C9 -> 0 | J9: =IF(I9>=$H$5,3,IF(I9>=$H$4,2,1)) -> 1 | K9: =IF(OR(D9="Controlled release",D9="Slowly available",D9="Slow release"),IF(N(F9)/C9>=$H$5,3,IF(N(F9)/C9>=$H$4,2,1)),1) -> 1 | L9: No footnote on the bag.
A10: IMG_8560 | B10: 14-24-12 | C10: 14 | D10: Slowly available | E10: Stabilized urea | F10: 3.5 | H10: =IF(E10="Polymer-coated urea",N(F10),IF(E10="Methylene urea",N(F10)+N(G10),0)) -> 0 | I10: =H10/C10 -> 0 | J10: =IF(I10>=$H$5,3,IF(I10>=$H$4,2,1)) -> 1 | K10: =IF(OR(D10="Controlled release",D10="Slowly available",D10="Slow release"),IF(N(F10)/C10>=$H$5,3,IF(N(F10)/C10>=$H$4,2,1)),1) -> 2 | L10: Says 'slowly available' but the source is stabilized urea.
A11: IMG_8561 | B11: 32-8-5 | C11: 32 | D11: Stabilized | E11: Stabilized urea | F11: 28.9 | H11: =IF(E11="Polymer-coated urea",N(F11),IF(E11="Methylene urea",N(F11)+N(G11),0)) -> 0 | I11: =H11/C11 -> 0 | J11: =IF(I11>=$H$5,3,IF(I11>=$H$4,2,1)) -> 1 | K11: =IF(OR(D11="Controlled release",D11="Slowly available",D11="Slow release"),IF(N(F11)/C11>=$H$5,3,IF(N(F11)/C11>=$H$4,2,1)),1) -> 1 | L11: Dicyandiamide + NBPT.
A12: IMG_8562 | B12: 24-0-10 | C12: 24 | D12: Stabilized | E12: Stabilized urea | F12: 7.2 | H12: =IF(E12="Polymer-coated urea",N(F12),IF(E12="Methylene urea",N(F12)+N(G12),0)) -> 0 | I12: =H12/C12 -> 0 | J12: =IF(I12>=$H$5,3,IF(I12>=$H$4,2,1)) -> 1 | K12: =IF(OR(D12="Controlled release",D12="Slowly available",D12="Slow release"),IF(N(F12)/C12>=$H$5,3,IF(N(F12)/C12>=$H$4,2,1)),1) -> 1 | L12: Dicyandiamide + NBPT.
A13: IMG_8564 | B13: 46-0-0 | C13: 46 | D13: None | E13: None | H13: =IF(E13="Polymer-coated urea",N(F13),IF(E13="Methylene urea",N(F13)+N(G13),0)) -> 0 | I13: =H13/C13 -> 0 | J13: =IF(I13>=$H$5,3,IF(I13>=$H$4,2,1)) -> 1 | K13: =IF(OR(D13="Controlled release",D13="Slowly available",D13="Slow release"),IF(N(F13)/C13>=$H$5,3,IF(N(F13)/C13>=$H$4,2,1)),1) -> 1 | L13: Plain urea.
A14: IMG_8565 | B14: 21-0-3 | C14: 21 | D14: Controlled release | E14: Polymer-coated urea | F14: 6.3 | H14: =IF(E14="Polymer-coated urea",N(F14),IF(E14="Methylene urea",N(F14)+N(G14),0)) -> 6.3 | I14: =H14/C14 -> 0.3 | J14: =IF(I14>=$H$5,3,IF(I14>=$H$4,2,1)) -> 2 | K14: =IF(OR(D14="Controlled release",D14="Slowly available",D14="Slow release"),IF(N(F14)/C14>=$H$5,3,IF(N(F14)/C14>=$H$4,2,1)),1) -> 2
A15: IMG_8571 | B15: 32-0-10 | C15: 32 | D15: Slowly available | E15: Methylene urea | F15: 6.8 | G15: 0.5 | H15: =IF(E15="Polymer-coated urea",N(F15),IF(E15="Methylene urea",N(F15)+N(G15),0)) -> 7.3 | I15: =H15/C15 -> 0.228125 | J15: =IF(I15>=$H$5,3,IF(I15>=$H$4,2,1)) -> 2 | K15: =IF(OR(D15="Controlled release",D15="Slowly available",D15="Slow release"),IF(N(F15)/C15>=$H$5,3,IF(N(F15)/C15>=$H$4,2,1)),1) -> 2 | L15: Label: 6.8% slowly available N from methylene ureas, plus a separate 0.5% WIN line. Both count (VT slide).
A16: IMG_8572 | B16: 26-0-2 | C16: 26 | D16: Slowly available | E16: Methylene urea | F16: 8.2 | G16: 0.9 | H16: =IF(E16="Polymer-coated urea",N(F16),IF(E16="Methylene urea",N(F16)+N(G16),0)) -> 9.1 | I16: =H16/C16 -> 0.35 | J16: =IF(I16>=$H$5,3,IF(I16>=$H$4,2,1)) -> 2 | K16: =IF(OR(D16="Controlled release",D16="Slowly available",D16="Slow release"),IF(N(F16)/C16>=$H$5,3,IF(N(F16)/C16>=$H$4,2,1)),1) -> 2 | L16: Label: 8.2% slowly available N from methylene ureas, plus a separate 0.9% WIN line. Both count.
A17: IMG_8574 | B17: 18-24-6 | C17: 18 | D17: Slow release | E17: Polymer-coated urea | F17: 3.8 | H17: =IF(E17="Polymer-coated urea",N(F17),IF(E17="Methylene urea",N(F17)+N(G17),0)) -> 3.8 | I17: =H17/C17 -> 0.21111111 | J17: =IF(I17>=$H$5,3,IF(I17>=$H$4,2,1)) -> 2 | K17: =IF(OR(D17="Controlled release",D17="Slowly available",D17="Slow release"),IF(N(F17)/C17>=$H$5,3,IF(N(F17)/C17>=$H$4,2,1)),1) -> 2
A18: IMG_8580 | B18: 24-25-4 | C18: 24 | D18: Slowly available | E18: Methylene urea | F18: 6.2 | G18: 0.6 | H18: =IF(E18="Polymer-coated urea",N(F18),IF(E18="Methylene urea",N(F18)+N(G18),0)) -> 6.8 | I18: =H18/C18 -> 0.28333333 | J18: =IF(I18>=$H$5,3,IF(I18>=$H$4,2,1)) -> 2 | K18: =IF(OR(D18="Controlled release",D18="Slowly available",D18="Slow release"),IF(N(F18)/C18>=$H$5,3,IF(N(F18)/C18>=$H$4,2,1)),1) -> 2 | L18: Label: 6.2% slowly available N from methylene ureas, plus a separate 0.6% WIN line. Both count.
A19: IMG_8586 | B19: 40-0-5 | C19: 40 | D19: Slowly available | E19: Polymer-coated urea | F19: 31.9 | H19: =IF(E19="Polymer-coated urea",N(F19),IF(E19="Methylene urea",N(F19)+N(G19),0)) -> 31.9 | I19: =H19/C19 -> 0.7975 | J19: =IF(I19>=$H$5,3,IF(I19>=$H$4,2,1)) -> 3 | K19: =IF(OR(D19="Controlled release",D19="Slowly available",D19="Slow release"),IF(N(F19)/C19>=$H$5,3,IF(N(F19)/C19>=$H$4,2,1)),1) -> 3 | L19: Highest slow share in the set.
A20: IMG_8590 | B20: 21-22-4 | C20: 21 | D20: Slowly available | E20: Methylene urea | F20: 5.6 | G20: 0.6 | H20: =IF(E20="Polymer-coated urea",N(F20),IF(E20="Methylene urea",N(F20)+N(G20),0)) -> 6.2 | I20: =H20/C20 -> 0.2952381 | J20: =IF(I20>=$H$5,3,IF(I20>=$H$4,2,1)) -> 2 | K20: =IF(OR(D20="Controlled release",D20="Slowly available",D20="Slow release"),IF(N(F20)/C20>=$H$5,3,IF(N(F20)/C20>=$H$4,2,1)),1) -> 2 | L20: Label: 5.6% slowly available N from methylene ureas, plus a separate 0.6% WIN line. Both count.
A21: IMG_8593 | B21: 30-0-4 | C21: 30 | D21: Controlled release | E21: Polymer-coated urea | F21: 10 | H21: =IF(E21="Polymer-coated urea",N(F21),IF(E21="Methylene urea",N(F21)+N(G21),0)) -> 10 | I21: =H21/C21 -> 0.33333333 | J21: =IF(I21>=$H$5,3,IF(I21>=$H$4,2,1)) -> 2 | K21: =IF(OR(D21="Controlled release",D21="Slowly available",D21="Slow release"),IF(N(F21)/C21>=$H$5,3,IF(N(F21)/C21>=$H$4,2,1)),1) -> 2
A22: IMG_8594 | B22: 24-25-4 | C22: 24 | D22: Controlled release | E22: Polymer-coated urea | F22: 6.25 | H22: =IF(E22="Polymer-coated urea",N(F22),IF(E22="Methylene urea",N(F22)+N(G22),0)) -> 6.25 | I22: =H22/C22 -> 0.26041667 | J22: =IF(I22>=$H$5,3,IF(I22>=$H$4,2,1)) -> 2 | K22: =IF(OR(D22="Controlled release",D22="Slowly available",D22="Slow release"),IF(N(F22)/C22>=$H$5,3,IF(N(F22)/C22>=$H$4,2,1)),1) -> 2
A23: — | B23: 18-0-3 | C23: 18 | D23: Slowly available | E23: Polymer-coated urea | F23: 7.2 | H23: =IF(E23="Polymer-coated urea",N(F23),IF(E23="Methylene urea",N(F23)+N(G23),0)) -> 7.2 | I23: =H23/C23 -> 0.4 | J23: =IF(I23>=$H$5,3,IF(I23>=$H$4,2,1)) -> 2 | K23: =IF(OR(D23="Controlled release",D23="Slowly available",D23="Slow release"),IF(N(F23)/C23>=$H$5,3,IF(N(F23)/C23>=$H$4,2,1)),1) -> 2 | L23: Added from a local distributor's in-stock listing; no photo ID.
A24: — | B24: 18-24-12 | C24: 18 | D24: Slowly available | E24: Polymer-coated urea | F24: 4.5 | H24: =IF(E24="Polymer-coated urea",N(F24),IF(E24="Methylene urea",N(F24)+N(G24),0)) -> 4.5 | I24: =H24/C24 -> 0.25 | J24: =IF(I24>=$H$5,3,IF(I24>=$H$4,2,1)) -> 2 | K24: =IF(OR(D24="Controlled release",D24="Slowly available",D24="Slow release"),IF(N(F24)/C24>=$H$5,3,IF(N(F24)/C24>=$H$4,2,1)),1) -> 2 | L24: Added from a local distributor's in-stock listing; no photo ID.
A25: — | B25: 32-0-10 | C25: 32 | D25: Slow release | E25: Polymer-coated urea | F25: 32 | H25: =IF(E25="Polymer-coated urea",N(F25),IF(E25="Methylene urea",N(F25)+N(G25),0)) -> 32 | I25: =H25/C25 -> 1 | J25: =IF(I25>=$H$5,3,IF(I25>=$H$4,2,1)) -> 3 | K25: =IF(OR(D25="Controlled release",D25="Slowly available",D25="Slow release"),IF(N(F25)/C25>=$H$5,3,IF(N(F25)/C25>=$H$4,2,1)),1) -> 3 | L25: Also stabilized with dicyandiamide; the coated urea is what counts. No photo ID.
A26: — | B26: 14-14-14 | C26: 14 | D26: Slowly available | E26: Polymer-coated urea | F26: 8.52 | H26: =IF(E26="Polymer-coated urea",N(F26),IF(E26="Methylene urea",N(F26)+N(G26),0)) -> 8.52 | I26: =H26/C26 -> 0.60857143 | J26: =IF(I26>=$H$5,3,IF(I26>=$H$4,2,1)) -> 3 | K26: =IF(OR(D26="Controlled release",D26="Slowly available",D26="Slow release"),IF(N(F26)/C26>=$H$5,3,IF(N(F26)/C26>=$H$4,2,1)),1) -> 3 | L26: Added from a local distributor's in-stock listing; no photo ID.
A28: Summary
A29: Bags counted in Program 1 under the corrected VCE rule | H29: =COUNTIF(J8:J26,1) -> 5
A30: Bags counted in Program 2 | H30: =COUNTIF(J8:J26,2) -> 11
A31: Bags counted in Program 3 | H31: =COUNTIF(J8:J26,3) -> 3
A32: Bags where trusting the footnote word alone gives a different program (shaded red) | H32: =SUMPRODUCT(--(K8:K26<>J8:J26)) -> 1
A34: How the VCE rule is applied here
A35: 1. Coated urea (polymer or sulfur) counts at the footnote figure. VCE lists polymer-coated urea among slowly available sources and says the bag won't list it as WIN.
A36: 2. Methylene urea / urea-formaldehyde counts as the WIN line PLUS the 'slowly available nitrogen from methylene urea' line. They are separate lines on the label, and the Virginia Tech (Goatley) slide adds them: 5.6% WIN + 5.7% slowly available = 11.3%, 11.3 ÷ 32 = 35.3%. (Earlier versions of this sheet counted WIN only, which put all four methylene urea bags in Program 1.)
A37: 3. Stabilized urea (dicyandiamide, NBPT) does not count. It is not on VCE's list of slowly available sources, and Penn State Extension states such products are not slow-release.
A38: 4. If nothing slow-release is listed, VCE says to assume the nitrogen is quickly available (Program 1).
A39: 5. Slow share = counted figure ÷ total N. Figures on the bag are percent of product weight, so the division is required. Thresholds are VCE's: 15–49% Program 2, 50% or more Program 3.
A40: 6. Figures were read from glare-affected photos; the 21-0-3 bag was confirmed as 6.3% by the photographer.

Sheet WIN + slow
A1: Methylene urea bags: Water Insoluble Nitrogen (WIN) + slowly available nitrogen
A2: Each bag lists two separate lines. VCE counts both: WIN + slowly available, then divides by total N. Values pull from the "19 bags" sheet.
A4: Photo ID | B4: Grade | C4: Total N (% of bag) | D4: WIN line (% of bag) | E4: Slowly available from methylene urea (% of bag) | F4: WIN + slowly available (% of bag) | G4: Share of total N | H4: Program | I4: Old rule: WIN only (share) | J4: Old rule program
A5: ='19 bags'!A15 -> IMG_8571 | B5: ='19 bags'!B15 -> 32-0-10 | C5: ='19 bags'!C15 -> 32 | D5: ='19 bags'!G15 -> 0.5 | E5: ='19 bags'!F15 -> 6.8 | F5: =D5+E5 -> 7.3 | G5: =F5/C5 -> 0.228125 | H5: =IF(G5>=0.5,3,IF(G5>=0.15,2,1)) -> 2 | I5: =D5/C5 -> 0.015625 | J5: =IF(I5>=0.5,3,IF(I5>=0.15,2,1)) -> 1
A6: ='19 bags'!A16 -> IMG_8572 | B6: ='19 bags'!B16 -> 26-0-2 | C6: ='19 bags'!C16 -> 26 | D6: ='19 bags'!G16 -> 0.9 | E6: ='19 bags'!F16 -> 8.2 | F6: =D6+E6 -> 9.1 | G6: =F6/C6 -> 0.35 | H6: =IF(G6>=0.5,3,IF(G6>=0.15,2,1)) -> 2 | I6: =D6/C6 -> 0.034615385 | J6: =IF(I6>=0.5,3,IF(I6>=0.15,2,1)) -> 1
A7: ='19 bags'!A18 -> IMG_8580 | B7: ='19 bags'!B18 -> 24-25-4 | C7: ='19 bags'!C18 -> 24 | D7: ='19 bags'!G18 -> 0.6 | E7: ='19 bags'!F18 -> 6.2 | F7: =D7+E7 -> 6.8 | G7: =F7/C7 -> 0.28333333 | H7: =IF(G7>=0.5,3,IF(G7>=0.15,2,1)) -> 2 | I7: =D7/C7 -> 0.025 | J7: =IF(I7>=0.5,3,IF(I7>=0.15,2,1)) -> 1
A8: ='19 bags'!A20 -> IMG_8590 | B8: ='19 bags'!B20 -> 21-22-4 | C8: ='19 bags'!C20 -> 21 | D8: ='19 bags'!G20 -> 0.6 | E8: ='19 bags'!F20 -> 5.6 | F8: =D8+E8 -> 6.2 | G8: =F8/C8 -> 0.2952381 | H8: =IF(G8>=0.5,3,IF(G8>=0.15,2,1)) -> 2 | I8: =D8/C8 -> 0.028571429 | J8: =IF(I8>=0.5,3,IF(I8>=0.15,2,1)) -> 1
A10: Slide check (Goatley, Virginia Tech)
A11: 32-4-4 slide | C11: 32 | D11: 5.6 | E11: 5.7 | F11: =D11+E11 -> 11.3 | G11: =F11/C11 -> 0.353125 | H11: =IF(G11>=0.5,3,IF(G11>=0.15,2,1)) -> 2

Sheet Sources
A1: Sources for this analysis
A3: Source | B3: What it was used for | C3: Where
A4: Virginia Cooperative Extension, Lawn Fertilization in Virginia (CSES-135P; Goatley, Cataldi, Chalmers, Hall, Schmidt; 2015) | B4: Program thresholds (<15%, 15–49%, 50%+); WIN calculation; methylene urea counted as WIN; coated urea counted as slowly available; no WIN listed = quickly available; list of slowly available sources | C4: ext.vt.edu (also published as VCE 430-011)
A5: Penn State Extension, Turfgrass Fertilization: A Basic Guide for Professional Turfgrass Managers (P. Landschoot, updated 2016) | B5: WIN / slowly available / controlled-release are label names for slow-release N; stabilized urea is quick-release; some urea-formaldehyde products behave like urea | C5: extension.psu.edu
A6: Penn State Extension, Enhanced Efficiency Nitrogen Fertilizers for Turfgrasses (P. Landschoot, 2025) | B6: Release mechanisms of polymer-coated vs. other products; inhibitors are not slow-release | C6: extension.psu.edu
A7: Virginia DCR Nutrient Management Standards and Criteria (2014), as summarized in VCE CSES-135P | B7: Slowly available source = at least 15% slow-release nitrogen | C7: Cited through the VCE publication
A8: Goatley, M., Jr. The Primary Fertilizer Sources and Use Characteristics in Turfgrass Fertility Programs (slide presentation, Virginia Tech Extension; undated, c. 2012; PDF created Nov. 2012) | B8: Methylene urea counts as WIN plus the slowly available line (32-4-4 example = 35.3%); stabilized N is handled as water-soluble; 1.5 lb N single-application limit at 50%+ slow-release, 1.0 lb below | C8: Virginia DCR: https://dcr.am.virginia.gov/soil-and-water/document/nmtmscpfs.pdf
A9: Virginia Nutrient Management Training and Certification Regulations, 4 VAC 5-15 (as quoted in the slide deck) | B9: Definition of slowly available nitrogen: polymer-coated products, methylene urea, IBDU, urea formaldehyde based, sulfur-coated urea, natural organics | C9: Cited through the Goatley slide deck (above)

Sheet Slide examples
A1: Worked examples from the Virginia Tech slides
A3: Example | B3: Total N (% of bag) | C3: WIN line (% of bag) | D3: Slowly available N (% of bag) | E3: Total slow-release (% of bag) | F3: Slow share of total N | G3: Program | H3: Max single application (lb N/1,000 sq ft)
A4: 32-4-4 bag: WIN + methylene urea slowly available | B4: 32 | C4: 5.6 | D4: 5.7 | E4: =C4+D4 -> 11.3 | F4: =E4/B4 -> 0.353125 | G4: =IF(F4>='19 bags'!$H$5,3,IF(F4>='19 bags'!$H$4,2,1)) -> 2 | H4: =IF(F4>='19 bags'!$H$5,1.5,1) -> 1
A5: Bag with 9% slowly available N on 18% total N | B5: 18 | C5: 0 | D5: 9 | E5: =C5+D5 -> 9 | F5: =E5/B5 -> 0.5 | G5: =IF(F5>='19 bags'!$H$5,3,IF(F5>='19 bags'!$H$4,2,1)) -> 3 | H5: =IF(F5>='19 bags'!$H$5,1.5,1) -> 1.5
A7: Source: Goatley, M., Jr. The Primary Fertilizer Sources and Use Characteristics in Turfgrass Fertility Programs (slide presentation, Virginia Tech Extension; undated, c. 2012; PDF created Nov. 2012). Hosted by Virginia DCR: https://dcr.am.virginia.gov/soil-and-water/document/nmtmscpfs.pdf. 1.5 lb applies at 50% or more slow-release; below 50% the limit is 1.0 lb. The 32-4-4 slide states 35.3% and a 1 lb maximum, matching the formulas.
